frame_num	player_1_number_of_shots	player_1_total_shot_speed	player_1_last_shot_speed	player_1_total_player_speed	player_1_speed	player_1_distance	player_2_number_of_shots	player_2_total_shot_speed	player_2_last_shot_speed	player_2_total_player_speed	player_2_speed	player_2_distance	player_2_last_player_speed	player_1_last_player_speed	time_in_seconds	player_1_average_shot_speed	player_2_average_shot_speed	player_1_average_player_speed	player_2_average_player_speed
0	0.0	0.0	0.0	0.0	0.0	0.0	0.0	0.0	0.0	0.0	0.0	0.0			0.0				
1	0.0	0.0	0.0	0.0	0.0	0.0	0.0	0.0	0.0	0.0	0.0	0.0			0.041666666666666664			0.0	0.0
2	0.0	0.0	0.0	0.0	0.0	0.0	0.0	0.0	0.0	0.0	0.0	0.0			0.08333333333333333			0.0	0.0
3	0.0	0.0	0.0	0.0	0.0	0.0	0.0	0.0	0.0	0.0	0.0	0.0			0.125			0.0	0.0
4	0.0	0.0	0.0	0.0	0.0	0.0	0.0	0.0	0.0	0.0	0.0	0.0			0.16666666666666666			0.0	0.0
5	0.0	0.0	0.0	0.0	11.038456320598456	0.6387995555901884	0.0	0.0	0.0	0.0	13.69152	0.7923333333333333			0.20833333333333334			11.038456320598456	11.038456320598456
6	0.0	0.0	0.0	0.0	11.038456320598456	0.6387995555901884	0.0	0.0	0.0	0.0	13.69152	0.7923333333333333			0.25			9.198713600498714	9.198713600498714
7	0.0	0.0	0.0	0.0	11.038456320598456	0.6387995555901884	0.0	0.0	0.0	0.0	13.69152	0.7923333333333333			0.2916666666666667			7.884611657570326	7.884611657570326
8	0.0	0.0	0.0	0.0	11.038456320598456	0.6387995555901884	0.0	0.0	0.0	0.0	13.69152	0.7923333333333333			0.3333333333333333			6.899035200374035	6.899035200374035
9	0.0	0.0	0.0	0.0	11.038456320598456	0.6387995555901884	0.0	0.0	0.0	0.0	13.69152	0.7923333333333333			0.375			6.1324757336658084	6.1324757336658084
10	0.0	0.0	0.0	0.0	7.9834594487312325	1.1008053107250977	0.0	0.0	0.0	0.0	1.936273327350248	0.9043861879253616			0.4166666666666667			9.510957884664844	9.510957884664844
11	1.0	44.92206711448761	44.92206711448761	0.0	7.9834594487312325	1.1008053107250977	0.0	0.0	0.0	4.31343847900456	1.936273327350248	0.9043861879253616	4.31343847900456		0.4583333333333333	44.92206711448761		8.646325349695314	8.646325349695314
12	1.0	44.92206711448761	44.92206711448761	0.0	7.9834594487312325	1.1008053107250977	0.0	0.0	0.0	4.31343847900456	1.936273327350248	0.9043861879253616	4.31343847900456		0.5	44.92206711448761		7.925798237220704	7.925798237220704
13	1.0	44.92206711448761	44.92206711448761	0.0	7.9834594487312325	1.1008053107250977	0.0	0.0	0.0	4.31343847900456	1.936273327350248	0.9043861879253616	4.31343847900456		0.5416666666666666	44.92206711448761		7.316121449742188	7.316121449742188
14	1.0	44.92206711448761	44.92206711448761	0.0	7.9834594487312325	1.1008053107250977	0.0	0.0	0.0	4.31343847900456	1.936273327350248	0.9043861879253616	4.31343847900456		0.5833333333333334	44.92206711448761		6.793541346189174	6.793541346189174
15	1.0	44.92206711448761	44.92206711448761	0.0	9.584064	1.655438644058431	0.0	0.0	0.0	4.31343847900456	13.69152	1.696719521258695	4.31343847900456		0.625	44.92206711448761		9.535326589776563	9.535326589776563
16	1.0	44.92206711448761	44.92206711448761	0.0	9.584064	1.655438644058431	0.0	0.0	0.0	4.31343847900456	13.69152	1.696719521258695	4.31343847900456		0.6666666666666666	44.92206711448761		8.939368677915528	8.939368677915528
17	1.0	44.92206711448761	44.92206711448761	0.0	9.584064	1.655438644058431	0.0	0.0	0.0	4.31343847900456	13.69152	1.696719521258695	4.31343847900456		0.7083333333333334	44.92206711448761		8.413523461567555	8.413523461567555
18	1.0	44.92206711448761	44.92206711448761	0.0	9.584064	1.655438644058431	0.0	0.0	0.0	4.31343847900456	13.69152	1.696719521258695	4.31343847900456		0.75	44.92206711448761		7.94610549148047	7.94610549148047
19	1.0	44.92206711448761	44.92206711448761	0.0	9.584064	1.655438644058431	0.0	0.0	0.0	4.31343847900456	13.69152	1.696719521258695	4.31343847900456		0.7916666666666666	44.92206711448761		7.527889412981498	7.527889412981498
20	1.0	44.92206711448761	44.92206711448761	0.0	6.981332765074588	2.0594509568520993	0.0	0.0	0.0	4.31343847900456	1.369152	1.7759528545920282	4.31343847900456		0.8333333333333334	44.92206711448761		8.896828133601069	8.896828133601069
21	1.0	44.92206711448761	44.92206711448761	0.0	6.981332765074588	2.0594509568520993	0.0	0.0	0.0	4.31343847900456	1.369152	1.7759528545920282	4.31343847900456		0.875	44.92206711448761		8.473169651048638	8.473169651048638
22	1.0	44.92206711448761	44.92206711448761	0.0	6.981332765074588	2.0594509568520993	0.0	0.0	0.0	4.31343847900456	1.369152	1.7759528545920282	4.31343847900456		0.9166666666666666	44.92206711448761		8.088025576000973	8.088025576000973
23	1.0	44.92206711448761	44.92206711448761	0.0	6.981332765074588	2.0594509568520993	0.0	0.0	0.0	4.31343847900456	1.369152	1.7759528545920282	4.31343847900456		0.9583333333333334	44.92206711448761		7.736372290087886	7.736372290087886
24	1.0	44.92206711448761	44.92206711448761	0.0	6.981332765074588	2.0594509568520993	0.0	0.0	0.0	4.31343847900456	1.369152	1.7759528545920282	4.31343847900456		1.0	44.92206711448761		7.414023444667558	7.414023444667558
25	1.0	44.92206711448761	44.92206711448761	0.0	7.9834594487312325	2.5214567119870086	0.0	0.0	0.0	4.31343847900456	9.681366636751239	2.3362171275521693	4.31343847900456		1.0416666666666667	44.92206711448761		8.714154396627102	8.714154396627102
26	1.0	44.92206711448761	44.92206711448761	0.0	7.9834594487312325	2.5214567119870086	0.0	0.0	0.0	4.31343847900456	9.681366636751239	2.3362171275521693	4.31343847900456		1.0833333333333333	44.92206711448761		8.378994612141444	8.378994612141444
27	1.0	44.92206711448761	44.92206711448761	0.0	7.9834594487312325	2.5214567119870086	0.0	0.0	0.0	4.31343847900456	9.681366636751239	2.3362171275521693	4.31343847900456		1.125	44.92206711448761		8.068661478358427	8.068661478358427
28	1.0	44.92206711448761	44.92206711448761	0.0	7.9834594487312325	2.5214567119870086	0.0	0.0	0.0	4.31343847900456	9.681366636751239	2.3362171275521693	4.31343847900456		1.1666666666666667	44.92206711448761		7.780494996988483	7.780494996988483
29	1.0	44.92206711448761	44.92206711448761	0.0	7.9834594487312325	2.5214567119870086	0.0	0.0	0.0	4.31343847900456	9.681366636751239	2.3362171275521693	4.31343847900456		1.2083333333333333	44.92206711448761		7.5122020660578475	7.5122020660578475
30	1.0	44.92206711448761	44.92206711448761	0.0	2.738304	2.679923378653675	0.0	0.0	0.0	4.31343847900456	2.738304	2.494683794218836	4.31343847900456		1.25	44.92206711448761		7.7181793305225845	7.7181793305225845
31	1.0	44.92206711448761	44.92206711448761	0.0	2.738304	2.679923378653675	0.0	0.0	0.0	4.31343847900456	2.738304	2.494683794218836	4.31343847900456		1.2916666666666667	44.92206711448761		7.4692058037315325	7.4692058037315325
32	1.0	44.92206711448761	44.92206711448761	0.0	2.738304	2.679923378653675	0.0	0.0	0.0	4.31343847900456	2.738304	2.494683794218836	4.31343847900456		1.3333333333333333	44.92206711448761		7.235793122364924	7.235793122364924
33	1.0	44.92206711448761	44.92206711448761	0.0	2.738304	2.679923378653675	0.0	0.0	0.0	4.31343847900456	2.738304	2.494683794218836	4.31343847900456		1.375	44.92206711448761		7.01652666411144	7.01652666411144
34	1.0	44.92206711448761	44.92206711448761	0.0	2.738304	2.679923378653675	0.0	0.0	0.0	4.31343847900456	2.738304	2.494683794218836	4.31343847900456		1.4166666666666667	44.92206711448761		6.810158232814045	6.810158232814045
35	1.0	44.92206711448761	44.92206711448761	0.0	7.745093309400992	3.1281347970217883	0.0	0.0	0.0	4.31343847900456	11.038456320598456	3.1334833498090244	4.31343847900456		1.4583333333333333	44.92206711448761		7.722024184648071	7.722024184648071
36	1.0	44.92206711448761	44.92206711448761	0.0	7.745093309400992	3.1281347970217883	0.0	0.0	0.0	4.31343847900456	11.038456320598456	3.1334833498090244	4.31343847900456		1.5	44.92206711448761		7.507523512852293	7.507523512852293
37	1.0	44.92206711448761	44.92206711448761	0.0	7.745093309400992	3.1281347970217883	0.0	0.0	0.0	4.31343847900456	11.038456320598456	3.1334833498090244	4.31343847900456		1.5416666666666667	44.92206711448761		7.3046174719643915	7.3046174719643915
38	1.0	44.92206711448761	44.92206711448761	0.0	7.745093309400992	3.1281347970217883	0.0	0.0	0.0	4.31343847900456	11.038456320598456	3.1334833498090244	4.31343847900456		1.5833333333333333	44.92206711448761		7.112390696386382	7.112390696386382
39	1.0	44.92206711448761	44.92206711448761	0.0	7.745093309400992	3.1281347970217883	0.0	0.0	0.0	4.31343847900456	11.038456320598456	3.1334833498090244	4.31343847900456		1.625	44.92206711448761		6.930021704171347	6.930021704171347
40	1.0	44.92206711448761	44.92206711448761	0.0	1.936273327350248	3.2401876516138164	0.0	0.0	0.0	4.31343847900456	8.214912	3.6088833498090245	4.31343847900456		1.6666666666666667	44.92206711448761		6.998805327485843	6.998805327485843
41	1.0	44.92206711448761	44.92206711448761	0.0	1.936273327350248	3.2401876516138164	0.0	0.0	0.0	4.31343847900456	8.214912	3.6088833498090245	4.31343847900456		1.7083333333333333	44.92206711448761		6.828102758522775	6.828102758522775
42	1.0	44.92206711448761	44.92206711448761	0.0	1.936273327350248	3.2401876516138164	0.0	0.0	0.0	4.31343847900456	8.214912	3.6088833498090245	4.31343847900456		1.75	44.92206711448761		6.665528883319851	6.665528883319851
43	1.0	44.92206711448761	44.92206711448761	0.0	1.936273327350248	3.2401876516138164	0.0	0.0	0.0	4.31343847900456	8.214912	3.6088833498090245	4.31343847900456		1.7916666666666667	44.92206711448761		6.510516583707761	6.510516583707761
44	1.0	44.92206711448761	44.92206711448761	0.0	1.936273327350248	3.2401876516138164	0.0	0.0	0.0	4.31343847900456	8.214912	3.6088833498090245	4.31343847900456		1.8333333333333333	44.92206711448761		6.362550297714403	6.362550297714403
45	1.0	44.92206711448761	44.92206711448761	0.0	7.373109166017819	3.66687220983244	0.0	0.0	0.0	4.31343847900456	2.738304	3.767350016475691	4.31343847900456		1.875	44.92206711448761		7.040394642878285	7.040394642878285
46	1.0	44.92206711448761	44.92206711448761	0.0	7.373109166017819	3.66687220983244	0.0	0.0	0.0	4.31343847900456	2.738304	3.767350016475691	4.31343847900456		1.9166666666666667	44.92206711448761		6.887342585424409	6.887342585424409
47	1.0	44.92206711448761	44.92206711448761	0.0	7.373109166017819	3.66687220983244	0.0	0.0	0.0	4.31343847900456	2.738304	3.767350016475691	4.31343847900456		1.9583333333333333	44.92206711448761		6.74080338147921	6.74080338147921
48	1.0	44.92206711448761	44.92206711448761	0.0	7.373109166017819	3.66687220983244	0.0	0.0	0.0	4.31343847900456	2.738304	3.767350016475691	4.31343847900456		2.0	44.92206711448761		6.600369977698392	6.600369977698392
49	1.0	44.92206711448761	44.92206711448761	0.0	7.373109166017819	3.66687220983244	0.0	0.0	0.0	4.31343847900456	2.738304	3.767350016475691	4.31343847900456		2.0416666666666665	44.92206711448761		6.465668549582099	6.465668549582099
50	1.0	44.92206711448761	44.92206711448761	0.0	1.369152	3.7461055431657733	0.0	0.0	0.0	4.31343847900456	7.373109166017819	4.194034574694315	4.31343847900456		2.0833333333333335	44.92206711448761		6.473270378590456	6.473270378590456
51	1.0	44.92206711448761	44.92206711448761	0.0	1.369152	3.7461055431657733	0.0	0.0	0.0	4.31343847900456	7.373109166017819	4.194034574694315	4.31343847900456		2.125	44.92206711448761		6.346343508422016	6.346343508422016
52	1.0	44.92206711448761	44.92206711448761	0.0	1.369152	3.7461055431657733	0.0	0.0	0.0	4.31343847900456	7.373109166017819	4.194034574694315	4.31343847900456		2.1666666666666665	44.92206711448761		6.224298440952363	6.224298440952363
53	1.0	44.92206711448761	44.92206711448761	0.0	1.369152	3.7461055431657733	0.0	0.0	0.0	4.31343847900456	7.373109166017819	4.194034574694315	4.31343847900456		2.2083333333333335	44.92206711448761		6.106858847726845	6.106858847726845
54	1.0	44.92206711448761	44.92206711448761	0.0	1.369152	3.7461055431657733	0.0	0.0	0.0	4.31343847900456	7.373109166017819	4.194034574694315	4.31343847900456		2.25	44.92206711448761		5.993768869065238	5.993768869065238
55	1.0	44.92206711448761	44.92206711448761	0.0	4.3296387829748575	3.996663343106448	0.0	0.0	0.0	4.31343847900456	5.645158313525671	4.520721977097421	4.31343847900456		2.2916666666666665	44.92206711448761		6.278394778989039	6.278394778989039
56	1.0	44.92206711448761	44.92206711448761	0.0	4.3296387829748575	3.996663343106448	0.0	0.0	0.0	4.31343847900456	5.645158313525671	4.520721977097421	4.31343847900456		2.3333333333333335	44.92206711448761		6.166280586507091	6.166280586507091
57	1.0	44.92206711448761	44.92206711448761	0.0	4.3296387829748575	3.996663343106448	0.0	0.0	0.0	4.31343847900456	5.645158313525671	4.520721977097421	4.31343847900456		2.375	44.92206711448761		6.058100225340301	6.058100225340301
58	1.0	44.92206711448761	44.92206711448761	4.455884675876386	4.3296387829748575	3.996663343106448	1.0	59.35584670124842	59.35584670124842	4.31343847900456	5.645158313525671	4.520721977097421	4.31343847900456	4.455884675876386	2.4166666666666665	44.92206711448761	59.35584670124842	5.953650221455122	5.953650221455122
59	1.0	44.92206711448761	44.92206711448761	4.455884675876386	4.3296387829748575	3.996663343106448	1.0	59.35584670124842	59.35584670124842	4.31343847900456	5.645158313525671	4.520721977097421	4.31343847900456	4.455884675876386	2.4583333333333335	44.92206711448761	59.35584670124842	5.852740895667748	5.852740895667748
60	1.0	44.92206711448761	44.92206711448761	4.455884675876386	5.476608	4.313596676439781	1.0	59.35584670124842	59.35584670124842	4.31343847900456	1.369152	4.5999553104307545	4.31343847900456	4.455884675876386	2.5	44.92206711448761	59.35584670124842	6.211579214073285	6.211579214073285
61	1.0	44.92206711448761	44.92206711448761	4.455884675876386	5.476608	4.313596676439781	1.0	59.35584670124842	59.35584670124842	4.31343847900456	1.369152	4.5999553104307545	4.31343847900456	4.455884675876386	2.5416666666666665	44.92206711448761	59.35584670124842	6.109750046629461	6.109750046629461
62	1.0	44.92206711448761	44.92206711448761	4.455884675876386	5.476608	4.313596676439781	1.0	59.35584670124842	59.35584670124842	4.31343847900456	1.369152	4.5999553104307545	4.31343847900456	4.455884675876386	2.5833333333333335	44.92206711448761	59.35584670124842	6.011205691038662	6.011205691038662
63	1.0	44.92206711448761	44.92206711448761	4.455884675876386	5.476608	4.313596676439781	1.0	59.35584670124842	59.35584670124842	4.31343847900456	1.369152	4.5999553104307545	4.31343847900456	4.455884675876386	2.625	44.92206711448761	59.35584670124842	5.915789727688843	5.915789727688843
64	1.0	44.92206711448761	44.92206711448761	4.455884675876386	5.476608	4.313596676439781	1.0	59.35584670124842	59.35584670124842	4.31343847900456	1.369152	4.5999553104307545	4.31343847900456	4.455884675876386	2.6666666666666665	44.92206711448761	59.35584670124842	5.823355513193705	5.823355513193705
65	1.0	44.92206711448761	44.92206711448761	4.455884675876386	3.061516943529792	4.490767795857014	1.0	59.35584670124842	59.35584670124842	4.31343847900456	5.476608	4.9168886437640875	4.31343847900456	4.455884675876386	2.7083333333333335	44.92206711448761	59.35584670124842	5.969266731723785	5.969266731723785
66	1.0	44.92206711448761	44.92206711448761	4.455884675876386	3.061516943529792	4.490767795857014	1.0	59.35584670124842	59.35584670124842	4.31343847900456	5.476608	4.9168886437640875	4.31343847900456	4.455884675876386	2.75	44.92206711448761	59.35584670124842	5.8788232963946365	5.8788232963946365
67	1.0	44.92206711448761	44.92206711448761	4.455884675876386	3.061516943529792	4.490767795857014	1.0	59.35584670124842	59.35584670124842	4.31343847900456	5.476608	4.9168886437640875	4.31343847900456	4.455884675876386	2.7916666666666665	44.92206711448761	59.35584670124842	5.7910796651051655	5.7910796651051655
68	1.0	44.92206711448761	44.92206711448761	4.455884675876386	3.061516943529792	4.490767795857014	1.0	59.35584670124842	59.35584670124842	4.31343847900456	5.476608	4.9168886437640875	4.31343847900456	4.455884675876386	2.8333333333333335	44.92206711448761	59.35584670124842	5.705916728853618	5.705916728853618
69	1.0	44.92206711448761	44.92206711448761	4.455884675876386	3.061516943529792	4.490767795857014	1.0	59.35584670124842	59.35584670124842	4.31343847900456	5.476608	4.9168886437640875	4.31343847900456	4.455884675876386	2.875	44.92206711448761	59.35584670124842	5.623222283507913	5.623222283507913
70	1.0	44.92206711448761	44.92206711448761	4.455884675876386	13.759807306408907	5.287052940903826	1.0	59.35584670124842	59.35584670124842	4.31343847900456	5.476608	4.9168886437640875	4.31343847900456	4.455884675876386	2.9166666666666665	44.92206711448761	59.35584670124842	6.525733915629866	6.525733915629866
71	1.0	44.92206711448761	44.92206711448761	4.455884675876386	13.759807306408907	5.287052940903826	1.0	59.35584670124842	59.35584670124842	4.31343847900456	5.476608	4.9168886437640875	4.31343847900456	4.455884675876386	2.9583333333333335	44.92206711448761	59.35584670124842	6.433822170339304	6.433822170339304
72	1.0	44.92206711448761	44.92206711448761	4.455884675876386	13.759807306408907	5.287052940903826	1.0	59.35584670124842	59.35584670124842	4.31343847900456	5.476608	4.9168886437640875	4.31343847900456	4.455884675876386	3.0	44.92206711448761	59.35584670124842	6.344463529084591	6.344463529084591
73	1.0	44.92206711448761	44.92206711448761	4.455884675876386	13.759807306408907	5.287052940903826	1.0	59.35584670124842	59.35584670124842	4.31343847900456	5.476608	4.9168886437640875	4.31343847900456	4.455884675876386	3.0416666666666665	44.92206711448761	59.35584670124842	6.257553069782063	6.257553069782063
74	1.0	44.92206711448761	44.92206711448761	4.455884675876386	13.759807306408907	5.287052940903826	1.0	59.35584670124842	59.35584670124842	4.31343847900456	5.476608	4.9168886437640875	4.31343847900456	4.455884675876386	3.0833333333333335	44.92206711448761	59.35584670124842	6.172991541812034	6.172991541812034
75	1.0	44.92206711448761	44.92206711448761	4.455884675876386	6.123033887059584	5.641395179738293	1.0	59.35584670124842	59.35584670124842	4.31343847900456	5.645158313525671	5.243576046167194	4.31343847900456	4.455884675876386	3.125	44.92206711448761	59.35584670124842	6.498887247058513	6.498887247058513
76	1.0	44.92206711448761	44.92206711448761	4.455884675876386	6.123033887059584	5.641395179738293	1.0	59.35584670124842	59.35584670124842	4.31343847900456	5.645158313525671	5.243576046167194	4.31343847900456	4.455884675876386	3.1666666666666665	44.92206711448761	59.35584670124842	6.413375572755112	6.413375572755112
77	1.0	44.92206711448761	44.92206711448761	4.455884675876386	6.123033887059584	5.641395179738293	1.0	59.35584670124842	59.35584670124842	4.31343847900456	5.645158313525671	5.243576046167194	4.31343847900456	4.455884675876386	3.2083333333333335	44.92206711448761	59.35584670124842	6.330084980901149	6.330084980901149
78	1.0	44.92206711448761	44.92206711448761	4.455884675876386	6.123033887059584	5.641395179738293	1.0	59.35584670124842	59.35584670124842	4.31343847900456	5.645158313525671	5.243576046167194	4.31343847900456	4.455884675876386	3.25	44.92206711448761	59.35584670124842	6.248930045248571	6.248930045248571
79	1.0	44.92206711448761	44.92206711448761	4.455884675876386	6.123033887059584	5.641395179738293	1.0	59.35584670124842	59.35584670124842	4.31343847900456	5.645158313525671	5.243576046167194	4.31343847900456	4.455884675876386	3.2916666666666665	44.92206711448761	59.35584670124842	6.169829664928969	6.169829664928969
80	1.0	44.92206711448761	44.92206711448761	4.455884675876386	4.107456	5.879095179738293	1.0	59.35584670124842	59.35584670124842	4.31343847900456	6.123033887059584	5.59791828500166	4.31343847900456	4.455884675876386	3.3333333333333335	44.92206711448761	59.35584670124842	6.349422794117356	6.349422794117356
81	1.0	44.92206711448761	44.92206711448761	4.455884675876386	4.107456	5.879095179738293	1.0	59.35584670124842	59.35584670124842	4.31343847900456	6.123033887059584	5.59791828500166	4.31343847900456	4.455884675876386	3.375	44.92206711448761	59.35584670124842	6.271034858387513	6.271034858387513
82	1.0	44.92206711448761	44.92206711448761	4.455884675876386	4.107456	5.879095179738293	1.0	59.35584670124842	59.35584670124842	4.31343847900456	6.123033887059584	5.59791828500166	4.31343847900456	4.455884675876386	3.4166666666666665	44.92206711448761	59.35584670124842	6.194558823529129	6.194558823529129
83	1.0	44.92206711448761	44.92206711448761	4.455884675876386	4.107456	5.879095179738293	1.0	59.35584670124842	59.35584670124842	4.31343847900456	6.123033887059584	5.59791828500166	4.31343847900456	4.455884675876386	3.4583333333333335	44.92206711448761	59.35584670124842	6.119925584691428	6.119925584691428
84	1.0	44.92206711448761	44.92206711448761	4.455884675876386	4.107456	5.879095179738293	1.0	59.35584670124842	59.35584670124842	4.31343847900456	6.123033887059584	5.59791828500166	4.31343847900456	4.455884675876386	3.5	44.92206711448761	59.35584670124842	6.047069327730816	6.047069327730816
85	1.0	44.92206711448761	44.92206711448761	4.455884675876386	4.107456	6.116795179738293	1.0	59.35584670124842	59.35584670124842	4.31343847900456	3.061516943529792	5.775089404418893	4.31343847900456	4.455884675876386	3.5416666666666665	44.92206711448761	59.35584670124842	6.217542394463395	6.217542394463395
86	1.0	44.92206711448761	44.92206711448761	4.455884675876386	4.107456	6.116795179738293	1.0	59.35584670124842	59.35584670124842	4.31343847900456	3.061516943529792	5.775089404418893	4.31343847900456	4.455884675876386	3.5833333333333335	44.92206711448761	59.35584670124842	6.14524538987661	6.14524538987661
87	1.0	44.92206711448761	44.92206711448761	4.455884675876386	4.107456	6.116795179738293	1.0	59.35584670124842	59.35584670124842	4.31343847900456	3.061516943529792	5.775089404418893	4.31343847900456	4.455884675876386	3.625	44.92206711448761	59.35584670124842	6.074610385395271	6.074610385395271
88	1.0	44.92206711448761	44.92206711448761	4.455884675876386	4.107456	6.116795179738293	1.0	59.35584670124842	59.35584670124842	4.31343847900456	3.061516943529792	5.775089404418893	4.31343847900456	4.455884675876386	3.6666666666666665	44.92206711448761	59.35584670124842	6.00558072192487	6.00558072192487
89	1.0	44.92206711448761	44.92206711448761	4.455884675876386	4.107456	6.116795179738293	1.0	59.35584670124842	59.35584670124842	4.31343847900456	3.061516943529792	5.775089404418893	4.31343847900456	4.455884675876386	3.7083333333333335	44.92206711448761	59.35584670124842	5.938102286847062	5.938102286847062
90	1.0	44.92206711448761	44.92206711448761	4.455884675876386	6.123033887059584	6.47113741857276	1.0	59.35584670124842	59.35584670124842	4.31343847900456	2.738304	5.93355607108556	4.31343847900456	4.455884675876386	3.75	44.92206711448761	59.35584670124842	6.21229192182985	6.21229192182985
91	1.0	44.92206711448761	44.92206711448761	4.455884675876386	6.123033887059584	6.47113741857276	1.0	59.35584670124842	59.35584670124842	4.31343847900456	2.738304	5.93355607108556	4.31343847900456	4.455884675876386	3.7916666666666665	44.92206711448761	59.35584670124842	6.144024977633918	6.144024977633918
92	1.0	44.92206711448761	44.92206711448761	4.455884675876386	6.123033887059584	6.47113741857276	1.0	59.35584670124842	59.35584670124842	4.31343847900456	2.738304	5.93355607108556	4.31343847900456	4.455884675876386	3.8333333333333335	44.92206711448761	59.35584670124842	6.0772420974422445	6.0772420974422445
93	1.0	44.92206711448761	44.92206711448761	4.455884675876386	6.123033887059584	6.47113741857276	1.0	59.35584670124842	59.35584670124842	4.31343847900456	2.738304	5.93355607108556	4.31343847900456	4.455884675876386	3.875	44.92206711448761	59.35584670124842	6.011895408222435	6.011895408222435
94	1.0	44.92206711448761	44.92206711448761	4.455884675876386	6.123033887059584	6.47113741857276	1.0	59.35584670124842	59.35584670124842	4.31343847900456	2.738304	5.93355607108556	4.31343847900456	4.455884675876386	3.9166666666666665	44.92206711448761	59.35584670124842	5.94793907409241	5.94793907409241
95	2.0	107.31802281855549	62.39595570406788	4.455884675876386	9.584064	7.0257707519060935	1.0	59.35584670124842	59.35584670124842	13.639036881680928	8.659277565949715	6.434671670966909	9.325598402676368	4.455884675876386	3.9583333333333335	53.659011409277745	59.35584670124842	6.389753610154594	6.389753610154594
96	2.0	107.31802281855549	62.39595570406788	4.455884675876386	9.584064	7.0257707519060935	1.0	59.35584670124842	59.35584670124842	13.639036881680928	8.659277565949715	6.434671670966909	9.325598402676368	4.455884675876386	4.0	53.659011409277745	59.35584670124842	6.323193676715484	6.323193676715484
97	2.0	107.31802281855549	62.39595570406788	4.455884675876386	9.584064	7.0257707519060935	1.0	59.35584670124842	59.35584670124842	13.639036881680928	8.659277565949715	6.434671670966909	9.325598402676368	4.455884675876386	4.041666666666667	53.659011409277745	59.35584670124842	6.258006113038005	6.258006113038005
98	2.0	107.31802281855549	62.39595570406788	4.455884675876386	9.584064	7.0257707519060935	1.0	59.35584670124842	59.35584670124842	13.639036881680928	8.659277565949715	6.434671670966909	9.325598402676368	4.455884675876386	4.083333333333333	53.659011409277745	59.35584670124842	6.194148907802924	6.194148907802924
99	2.0	107.31802281855549	62.39595570406788	4.455884675876386	9.584064	7.0257707519060935	1.0	59.35584670124842	59.35584670124842	13.639036881680928	8.659277565949715	6.434671670966909	9.325598402676368	4.455884675876386	4.125	53.659011409277745	59.35584670124842	6.131581747118045	6.131581747118045
100	2.0	107.31802281855549	62.39595570406788	4.455884675876386	4.3296387829748575	7.276328551846768	1.0	59.35584670124842	59.35584670124842	13.639036881680928	8.659277565949715	6.434671670966909	9.325598402676368	4.455884675876386	4.166666666666667	53.659011409277745	59.35584670124842	6.286747868795607	6.286747868795607
101	2.0	107.31802281855549	62.39595570406788	4.455884675876386	4.3296387829748575	7.276328551846768	1.0	59.35584670124842	59.35584670124842	13.639036881680928	8.659277565949715	6.434671670966909	9.325598402676368	4.455884675876386	4.208333333333333	53.659011409277745	59.35584670124842	6.224502840391691	6.224502840391691
102	2.0	107.31802281855549	62.39595570406788	4.455884675876386	4.3296387829748575	7.276328551846768	1.0	59.35584670124842	59.35584670124842	13.639036881680928	8.659277565949715	6.434671670966909	9.325598402676368	4.455884675876386	4.25	53.659011409277745	59.35584670124842	6.163478302740792	6.163478302740792
103	2.0	107.31802281855549	62.39595570406788	4.455884675876386	4.3296387829748575	7.276328551846768	1.0	59.35584670124842	59.35584670124842	13.639036881680928	8.659277565949715	6.434671670966909	9.325598402676368	4.455884675876386	4.291666666666667	53.659011409277745	59.35584670124842	6.1036387075685505	6.1036387075685505
104	2.0	107.31802281855549	62.39595570406788	4.455884675876386	4.3296387829748575	7.276328551846768	1.0	59.35584670124842	59.35584670124842	13.639036881680928	8.659277565949715	6.434671670966909	9.325598402676368	4.455884675876386	4.333333333333333	53.659011409277745	59.35584670124842	6.04494987384193	6.04494987384193
105	2.0	107.31802281855549	62.39595570406788	4.455884675876386	4.107456	7.514028551846768	1.0	59.35584670124842	59.35584670124842	13.639036881680928	9.967577015128198	7.011499044527569	9.325598402676368	4.455884675876386	4.375	53.659011409277745	59.35584670124842	6.1829720655196265	6.1829720655196265
106	2.0	107.31802281855549	62.39595570406788	4.455884675876386	4.107456	7.514028551846768	1.0	59.35584670124842	59.35584670124842	13.639036881680928	9.967577015128198	7.011499044527569	9.325598402676368	4.455884675876386	4.416666666666667	53.659011409277745	59.35584670124842	6.124642140373215	6.124642140373215
107	2.0	107.31802281855549	62.39595570406788	4.455884675876386	4.107456	7.514028551846768	1.0	59.35584670124842	59.35584670124842	13.639036881680928	9.967577015128198	7.011499044527569	9.325598402676368	4.455884675876386	4.458333333333333	53.659011409277745	59.35584670124842	6.067402494201503	6.067402494201503
108	2.0	107.31802281855549	62.39595570406788	4.455884675876386	4.107456	7.514028551846768	1.0	59.35584670124842	59.35584670124842	13.639036881680928	9.967577015128198	7.011499044527569	9.325598402676368	4.455884675876386	4.5	53.659011409277745	59.35584670124842	6.011222841477415	6.011222841477415
109	2.0	107.31802281855549	62.39595570406788	4.455884675876386	4.107456	7.514028551846768	1.0	59.35584670124842	59.35584670124842	13.639036881680928	9.967577015128198	7.011499044527569	9.325598402676368	4.455884675876386	4.541666666666667	53.659011409277745	59.35584670124842	5.956074008069365	5.956074008069365
110	2.0	107.31802281855549	62.39595570406788	4.455884675876386	3.061516943529792	7.691199671264001	1.0	59.35584670124842	59.35584670124842	13.639036881680928	11.038456320598456	7.6502986001177575	9.325598402676368	4.455884675876386	4.583333333333333	53.659011409277745	59.35584670124842	6.041087741792816	6.041087741792816
111	2.0	107.31802281855549	62.39595570406788	4.455884675876386	3.061516943529792	7.691199671264001	1.0	59.35584670124842	59.35584670124842	13.639036881680928	11.038456320598456	7.6502986001177575	9.325598402676368	4.455884675876386	4.625	53.659011409277745	59.35584670124842	5.98666352790279	5.98666352790279
112	2.0	107.31802281855549	62.39595570406788	4.455884675876386	3.061516943529792	7.691199671264001	1.0	59.35584670124842	59.35584670124842	13.639036881680928	11.038456320598456	7.6502986001177575	9.325598402676368	4.455884675876386	4.666666666666667	53.659011409277745	59.35584670124842	5.933211174975086	5.933211174975086
113	2.0	107.31802281855549	62.39595570406788	4.455884675876386	3.061516943529792	7.691199671264001	1.0	59.35584670124842	59.35584670124842	13.639036881680928	11.038456320598456	7.6502986001177575	9.325598402676368	4.455884675876386	4.708333333333333	53.659011409277745	59.35584670124842	5.880704881391237	5.880704881391237
114	2.0	107.31802281855549	62.39595570406788	4.455884675876386	3.061516943529792	7.691199671264001	1.0	59.35584670124842	59.35584670124842	13.639036881680928	11.038456320598456	7.6502986001177575	9.325598402676368	4.455884675876386	4.75	53.659011409277745	59.35584670124842	5.829119750852716	5.829119750852716
115	2.0	107.31802281855549	62.39595570406788	4.455884675876386	8.214912	8.166599671264	1.0	59.35584670124842	59.35584670124842	13.639036881680928	15.122778127403972	8.525459371379561	9.325598402676368	4.455884675876386	4.791666666666667	53.659011409277745	59.35584670124842	6.1356018399757355	6.1356018399757355
116	2.0	107.31802281855549	62.39595570406788	4.455884675876386	8.214912	8.166599671264	1.0	59.35584670124842	59.35584670124842	13.639036881680928	15.122778127403972	8.525459371379561	9.325598402676368	4.455884675876386	4.833333333333333	53.659011409277745	59.35584670124842	6.082708720665601	6.082708720665601
117	2.0	107.31802281855549	62.39595570406788	4.455884675876386	8.214912	8.166599671264	1.0	59.35584670124842	59.35584670124842	13.639036881680928	15.122778127403972	8.525459371379561	9.325598402676368	4.455884675876386	4.875	53.659011409277745	59.35584670124842	6.030719757241108	6.030719757241108
118	2.0	107.31802281855549	62.39595570406788	4.455884675876386	8.214912	8.166599671264	1.0	59.35584670124842	59.35584670124842	13.639036881680928	15.122778127403972	8.525459371379561	9.325598402676368	4.455884675876386	4.916666666666667	53.659011409277745	59.35584670124842	5.979611962688217	5.979611962688217
119	2.0	107.31802281855549	62.39595570406788	4.455884675876386	8.214912	8.166599671264	1.0	59.35584670124842	59.35584670124842	13.639036881680928	15.122778127403972	8.525459371379561	9.325598402676368	4.455884675876386	4.958333333333333	53.659011409277745	59.35584670124842	5.929363122665628	5.929363122665628
120	2.0	107.31802281855549	62.39595570406788	4.455884675876386	6.123033887059584	8.520941910098466	1.0	59.35584670124842	59.35584670124842	13.639036881680928	14.809643219712216	9.382498909557352	9.325598402676368	4.455884675876386	5.0	53.659011409277745	59.35584670124842	6.135078175270896	6.135078175270896
121	2.0	107.31802281855549	62.39595570406788	4.455884675876386	6.123033887059584	8.520941910098466	1.0	59.35584670124842	59.35584670124842	13.639036881680928	14.809643219712216	9.382498909557352	9.325598402676368	4.455884675876386	5.041666666666667	53.659011409277745	59.35584670124842	6.084375049855434	6.084375049855434
122	2.0	107.31802281855549	62.39595570406788	4.455884675876386	6.123033887059584	8.520941910098466	1.0	59.35584670124842	59.35584670124842	13.639036881680928	14.809643219712216	9.382498909557352	9.325598402676368	4.455884675876386	5.083333333333333	53.659011409277745	59.35584670124842	6.0345031232172754	6.0345031232172754
123	2.0	107.31802281855549	62.39595570406788	4.455884675876386	6.123033887059584	8.520941910098466	1.0	59.35584670124842	59.35584670124842	13.639036881680928	14.809643219712216	9.382498909557352	9.325598402676368	4.455884675876386	5.125	53.659011409277745	59.35584670124842	5.985442122215508	5.985442122215508
124	2.0	107.31802281855549	62.39595570406788	4.455884675876386	6.123033887059584	8.520941910098466	1.0	59.35584670124842	59.35584670124842	13.639036881680928	14.809643219712216	9.382498909557352	9.325598402676368	4.455884675876386	5.166666666666667	53.659011409277745	59.35584670124842	5.937172427681512	5.937172427681512
125	2.0	107.31802281855549	62.39595570406788	4.455884675876386	7.9834594487312325	8.982947665233375	1.0	59.35584670124842	59.35584670124842	13.639036881680928	16.025513292161595	10.309901299150036	9.325598402676368	4.455884675876386	5.208333333333333	53.659011409277745	59.35584670124842	6.209013426209309	6.209013426209309
126	2.0	107.31802281855549	62.39595570406788	4.455884675876386	7.9834594487312325	8.982947665233375	1.0	59.35584670124842	59.35584670124842	13.639036881680928	16.025513292161595	10.309901299150036	9.325598402676368	4.455884675876386	5.25	53.659011409277745	59.35584670124842	6.159735541874315	6.159735541874315
127	2.0	107.31802281855549	62.39595570406788	4.455884675876386	7.9834594487312325	8.982947665233375	1.0	59.35584670124842	59.35584670124842	13.639036881680928	16.025513292161595	10.309901299150036	9.325598402676368	4.455884675876386	5.291666666666667	53.659011409277745	59.35584670124842	6.111233687213886	6.111233687213886
128	2.0	107.31802281855549	62.39595570406788	4.455884675876386	7.9834594487312325	8.982947665233375	1.0	59.35584670124842	59.35584670124842	13.639036881680928	16.025513292161595	10.309901299150036	9.325598402676368	4.455884675876386	5.333333333333333	53.659011409277745	59.35584670124842	6.063489674032528	6.063489674032528
129	2.0	107.31802281855549	62.39595570406788	4.455884675876386	7.9834594487312325	8.982947665233375	1.0	59.35584670124842	59.35584670124842	13.639036881680928	16.025513292161595	10.309901299150036	9.325598402676368	4.455884675876386	5.375	53.659011409277745	59.35584670124842	6.016485878109795	6.016485878109795
130	2.0	107.31802281855549	62.39595570406788	4.455884675876386	11.038456320598456	9.621747220823563	1.0	59.35584670124842	59.35584670124842	13.639036881680928	15.122778127403972	11.18506207041184	9.325598402676368	4.455884675876386	5.416666666666667	53.659011409277745	59.35584670124842	6.39476122983966	6.39476122983966
131	2.0	107.31802281855549	62.39595570406788	10.712175263540257	11.038456320598456	9.621747220823563	2.0	105.05928072340484	45.70343402215642	13.639036881680928	15.122778127403972	11.18506207041184	9.325598402676368	6.2562905876638695	5.458333333333333	53.659011409277745	52.52964036170242	6.34594625861951	6.34594625861951
132	2.0	107.31802281855549	62.39595570406788	10.712175263540257	11.038456320598456	9.621747220823563	2.0	105.05928072340484	45.70343402215642	13.639036881680928	15.122778127403972	11.18506207041184	9.325598402676368	6.2562905876638695	5.5	53.659011409277745	52.52964036170242	6.297870908175423	6.297870908175423
133	2.0	107.31802281855549	62.39595570406788	10.712175263540257	11.038456320598456	9.621747220823563	2.0	105.05928072340484	45.70343402215642	13.639036881680928	15.122778127403972	11.18506207041184	9.325598402676368	6.2562905876638695	5.541666666666667	53.659011409277745	52.52964036170242	6.250518495331998	6.250518495331998
134	2.0	107.31802281855549	62.39595570406788	10.712175263540257	11.038456320598456	9.621747220823563	2.0	105.05928072340484	45.70343402215642	13.639036881680928	15.122778127403972	11.18506207041184	9.325598402676368	6.2562905876638695	5.583333333333333	53.659011409277745	52.52964036170242	6.203872834919074	6.203872834919074
135	2.0	107.31802281855549	62.39595570406788	10.712175263540257	4.936547739904071	9.907427066882827	2.0	105.05928072340484	45.70343402215642	13.639036881680928	14.294366537287898	12.01228235613452	9.325598402676368	6.2562905876638695	5.625	53.659011409277745	52.52964036170242	6.340753322805009	6.340753322805009
136	2.0	107.31802281855549	62.39595570406788	10.712175263540257	4.936547739904071	9.907427066882827	2.0	105.05928072340484	45.70343402215642	13.639036881680928	14.294366537287898	12.01228235613452	9.325598402676368	6.2562905876638695	5.666666666666667	53.659011409277745	52.52964036170242	6.294130136607913	6.294130136607913
137	2.0	107.31802281855549	62.39595570406788	10.712175263540257	4.936547739904071	9.907427066882827	2.0	105.05928072340484	45.70343402215642	13.639036881680928	14.294366537287898	12.01228235613452	9.325598402676368	6.2562905876638695	5.708333333333333	53.659011409277745	52.52964036170242	6.24818758086625	6.24818758086625
138	2.0	107.31802281855549	62.39595570406788	10.712175263540257	4.936547739904071	9.907427066882827	2.0	105.05928072340484	45.70343402215642	13.639036881680928	14.294366537287898	12.01228235613452	9.325598402676368	6.2562905876638695	5.75	53.659011409277745	52.52964036170242	6.20291085926577	6.20291085926577
139	2.0	107.31802281855549	62.39595570406788	10.712175263540257	4.936547739904071	9.907427066882827	2.0	105.05928072340484	45.70343402215642	13.639036881680928	14.294366537287898	12.01228235613452	9.325598402676368	6.2562905876638695	5.791666666666667	53.659011409277745	52.52964036170242	6.15828560128544	6.15828560128544
140	2.0	107.31802281855549	62.39595570406788	10.712175263540257	9.184550830589377	10.438940425134527	2.0	105.05928072340484	45.70343402215642	13.639036881680928	8.659277565949715	12.513397956015869	9.325598402676368	6.2562905876638695	5.833333333333333	53.659011409277745	52.52964036170242	6.442317519511595	6.442317519511595
141	2.0	107.31802281855549	62.39595570406788	10.712175263540257	9.184550830589377	10.438940425134527	2.0	105.05928072340484	45.70343402215642	13.639036881680928	8.659277565949715	12.513397956015869	9.325598402676368	6.2562905876638695	5.875	53.659011409277745	52.52964036170242	6.396627324337753	6.396627324337753
142	2.0	107.31802281855549	62.39595570406788	10.712175263540257	9.184550830589377	10.438940425134527	2.0	105.05928072340484	45.70343402215642	13.639036881680928	8.659277565949715	12.513397956015869	9.325598402676368	6.2562905876638695	5.916666666666667	53.659011409277745	52.52964036170242	6.3515806530395995	6.3515806530395995
143	2.0	107.31802281855549	62.39595570406788	10.712175263540257	9.184550830589377	10.438940425134527	2.0	105.05928072340484	45.70343402215642	13.639036881680928	8.659277565949715	12.513397956015869	9.325598402676368	6.2562905876638695	5.958333333333333	53.659011409277745	52.52964036170242	6.307164005116246	6.307164005116246
144	2.0	107.31802281855549	62.39595570406788	10.712175263540257	9.184550830589377	10.438940425134527	2.0	105.05928072340484	45.70343402215642	13.639036881680928	8.659277565949715	12.513397956015869	9.325598402676368	6.2562905876638695	6.0	53.659011409277745	52.52964036170242	6.263364255080717	6.263364255080717
145	2.0	107.31802281855549	62.39595570406788	10.712175263540257	9.873095479808143	11.010300117253054	2.0	105.05928072340484	45.70343402215642	13.639036881680928	1.936273327350248	12.625450810607896	9.325598402676368	6.2562905876638695	6.041666666666667	53.659011409277745	52.52964036170242	6.560620207797681	6.560620207797681
146	2.0	107.31802281855549	62.39595570406788	10.712175263540257	9.873095479808143	11.010300117253054	2.0	105.05928072340484	45.70343402215642	13.639036881680928	1.936273327350248	12.625450810607896	9.325598402676368	6.2562905876638695	6.083333333333333	53.659011409277745	52.52964036170242	6.5156844529497535	6.5156844529497535
147	2.0	107.31802281855549	62.39595570406788	10.712175263540257	9.873095479808143	11.010300117253054	2.0	105.05928072340484	45.70343402215642	13.639036881680928	1.936273327350248	12.625450810607896	9.325598402676368	6.2562905876638695	6.125	53.659011409277745	52.52964036170242	6.4713600689160815	6.4713600689160815
148	2.0	107.31802281855549	62.39595570406788	10.712175263540257	9.873095479808143	11.010300117253054	2.0	105.05928072340484	45.70343402215642	13.639036881680928	1.936273327350248	12.625450810607896	9.325598402676368	6.2562905876638695	6.166666666666667	53.659011409277745	52.52964036170242	6.427634663045026	6.427634663045026
149	2.0	107.31802281855549	62.39595570406788	10.712175263540257	9.873095479808143	11.010300117253054	2.0	105.05928072340484	45.70343402215642	13.639036881680928	1.936273327350248	12.625450810607896	9.325598402676368	6.2562905876638695	6.208333333333333	53.659011409277745	52.52964036170242	6.384496175373584	6.384496175373584
150	2.0	107.31802281855549	62.39595570406788	10.712175263540257	8.214912	11.485700117253055	2.0	105.05928072340484	45.70343402215642	13.639036881680928	5.808819982050743	12.96160937438398	9.325598402676368	6.2562905876638695	6.25	53.659011409277745	52.52964036170242	6.615763267537759	6.615763267537759
151	2.0	107.31802281855549	62.39595570406788	10.712175263540257	8.214912	11.485700117253055	2.0	105.05928072340484	45.70343402215642	13.639036881680928	5.808819982050743	12.96160937438398	9.325598402676368	6.2562905876638695	6.291666666666667	53.659011409277745	52.52964036170242	6.571950265765986	6.571950265765986
152	2.0	107.31802281855549	62.39595570406788	10.712175263540257	8.214912	11.485700117253055	2.0	105.05928072340484	45.70343402215642	13.639036881680928	5.808819982050743	12.96160937438398	9.325598402676368	6.2562905876638695	6.333333333333333	53.659011409277745	52.52964036170242	6.528713750859631	6.528713750859631
153	2.0	107.31802281855549	62.39595570406788	10.712175263540257	8.214912	11.485700117253055	2.0	105.05928072340484	45.70343402215642	13.639036881680928	5.808819982050743	12.96160937438398	9.325598402676368	6.2562905876638695	6.375	53.659011409277745	52.52964036170242	6.486042419154666	6.486042419154666
154	2.0	107.31802281855549	62.39595570406788	10.712175263540257	8.214912	11.485700117253055	2.0	105.05928072340484	45.70343402215642	13.639036881680928	5.808819982050743	12.96160937438398	9.325598402676368	6.2562905876638695	6.416666666666667	53.659011409277745	52.52964036170242	6.443925260588727	6.443925260588727
155	2.0	107.31802281855549	62.39595570406788	10.712175263540257	5.645158313525671	11.812387519656161	2.0	105.05928072340484	45.70343402215642	13.639036881680928	8.328226483882869	13.44356692553461	9.325598402676368	6.2562905876638695	6.458333333333333	53.659011409277745	52.52964036170242	6.584453430311564	6.584453430311564
156	2.0	107.31802281855549	62.39595570406788	10.712175263540257	5.645158313525671	11.812387519656161	2.0	105.05928072340484	45.70343402215642	13.639036881680928	8.328226483882869	13.44356692553461	9.325598402676368	6.2562905876638695	6.5	53.659011409277745	52.52964036170242	6.542245395501873	6.542245395501873
157	2.0	107.31802281855549	62.39595570406788	10.712175263540257	5.645158313525671	11.812387519656161	2.0	105.05928072340484	45.70343402215642	13.639036881680928	8.328226483882869	13.44356692553461	9.325598402676368	6.2562905876638695	6.541666666666667	53.659011409277745	52.52964036170242	6.500575042664282	6.500575042664282
158	2.0	107.31802281855549	62.39595570406788	10.712175263540257	5.645158313525671	11.812387519656161	2.0	105.05928072340484	45.70343402215642	13.639036881680928	8.328226483882869	13.44356692553461	9.325598402676368	6.2562905876638695	6.583333333333333	53.659011409277745	52.52964036170242	6.4594321626474205	6.4594321626474205
159	2.0	107.31802281855549	62.39595570406788	10.712175263540257	5.645158313525671	11.812387519656161	2.0	105.05928072340484	45.70343402215642	13.639036881680928	8.328226483882869	13.44356692553461	9.325598402676368	6.2562905876638695	6.625	53.659011409277745	52.52964036170242	6.418806803133914	6.418806803133914
160	2.0	107.31802281855549	62.39595570406788	10.712175263540257	7.9834594487312325	12.27439327479107	2.0	105.05928072340484	45.70343402215642	13.639036881680928	13.69152	14.235900258867943	9.325598402676368	6.2562905876638695	6.666666666666667	53.659011409277745	52.52964036170242	6.628172368387177	6.628172368387177
161	2.0	107.31802281855549	62.39595570406788	10.712175263540257	7.9834594487312325	12.27439327479107	2.0	105.05928072340484	45.70343402215642	13.639036881680928	13.69152	14.235900258867943	9.325598402676368	6.2562905876638695	6.708333333333333	53.659011409277745	52.52964036170242	6.587003595912724	6.587003595912724
162	2.0	107.31802281855549	62.39595570406788	10.712175263540257	7.9834594487312325	12.27439327479107	2.0	105.05928072340484	45.70343402215642	13.639036881680928	13.69152	14.235900258867943	9.325598402676368	6.2562905876638695	6.75	53.659011409277745	52.52964036170242	6.546343079888571	6.546343079888571
163	2.0	107.31802281855549	62.39595570406788	10.712175263540257	7.9834594487312325	12.27439327479107	2.0	105.05928072340484	45.70343402215642	13.639036881680928	13.69152	14.235900258867943	9.325598402676368	6.2562905876638695	6.791666666666667	53.659011409277745	52.52964036170242	6.506181465901524	6.506181465901524
164	2.0	107.31802281855549	62.39595570406788	10.712175263540257	7.9834594487312325	12.27439327479107	2.0	105.05928072340484	45.70343402215642	13.639036881680928	13.69152	14.235900258867943	9.325598402676368	6.2562905876638695	6.833333333333333	53.659011409277745	52.52964036170242	6.4665096276948075	6.4665096276948075
165	2.0	107.31802281855549	62.39595570406788	10.712175263540257	4.107456	12.51209327479107	2.0	105.05928072340484	45.70343402215642	13.639036881680928	9.584064	14.790533592201276	9.325598402676368	6.2562905876638695	6.875	53.659011409277745	52.52964036170242	6.551787023890597	6.551787023890597
166	2.0	107.31802281855549	62.39595570406788	10.712175263540257	4.107456	12.51209327479107	2.0	105.05928072340484	45.70343402215642	13.639036881680928	9.584064	14.790533592201276	9.325598402676368	6.2562905876638695	6.916666666666667	53.659011409277745	52.52964036170242	6.512318427361135	6.512318427361135
167	2.0	107.31802281855549	62.39595570406788	10.712175263540257	4.107456	12.51209327479107	2.0	105.05928072340484	45.70343402215642	13.639036881680928	9.584064	14.790533592201276	9.325598402676368	6.2562905876638695	6.958333333333333	53.659011409277745	52.52964036170242	6.473322508634422	6.473322508634422
168	2.0	107.31802281855549	62.39595570406788	10.712175263540257	4.107456	12.51209327479107	2.0	105.05928072340484	45.70343402215642	13.639036881680928	9.584064	14.790533592201276	9.325598402676368	6.2562905876638695	7.0	53.659011409277745	52.52964036170242	6.434790827035407	6.434790827035407
169	2.0	107.31802281855549	62.39595570406788	10.712175263540257	4.107456	12.51209327479107	2.0	105.05928072340484	45.70343402215642	13.639036881680928	9.584064	14.790533592201276	9.325598402676368	6.2562905876638695	7.041666666666667	53.659011409277745	52.52964036170242	6.396715141668334	6.396715141668334
170	2.0	107.31802281855549	62.39595570406788	10.712175263540257	5.476608	12.829026608124403	2.0	105.05928072340484	45.70343402215642	13.639036881680928	12.98891634892457	15.5422069920233	9.325598402676368	6.2562905876638695	7.083333333333333	53.659011409277745	52.52964036170242	6.5201641114232265	6.5201641114232265
171	2.0	107.31802281855549	62.39595570406788	10.712175263540257	5.476608	12.829026608124403	2.0	105.05928072340484	45.70343402215642	13.639036881680928	12.98891634892457	15.5422069920233	9.325598402676368	6.2562905876638695	7.125	53.659011409277745	52.52964036170242	6.48203449673654	6.48203449673654
172	2.0	107.31802281855549	62.39595570406788	10.712175263540257	5.476608	12.829026608124403	2.0	105.05928072340484	45.70343402215642	13.639036881680928	12.98891634892457	15.5422069920233	9.325598402676368	6.2562905876638695	7.166666666666667	53.659011409277745	52.52964036170242	6.44434824966249	6.44434824966249
173	2.0	107.31802281855549	62.39595570406788	10.712175263540257	5.476608	12.829026608124403	2.0	105.05928072340484	45.70343402215642	13.639036881680928	12.98891634892457	15.5422069920233	9.325598402676368	6.2562905876638695	7.208333333333333	53.659011409277745	52.52964036170242	6.407097681745367	6.407097681745367
174	2.0	107.31802281855549	62.39595570406788	10.712175263540257	5.476608	12.829026608124403	2.0	105.05928072340484	45.70343402215642	13.639036881680928	12.98891634892457	15.5422069920233	9.325598402676368	6.2562905876638695	7.25	53.659011409277745	52.52964036170242	6.370275281275566	6.370275281275566
175	2.0	107.31802281855549	62.39595570406788	10.712175263540257	1.936273327350248	12.94107946271643	2.0	105.05928072340484	45.70343402215642	13.639036881680928	4.107456	15.7799069920233	9.325598402676368	6.2562905876638695	7.291666666666667	53.659011409277745	52.52964036170242	6.389195803306855	6.389195803306855
176	2.0	107.31802281855549	62.39595570406788	10.712175263540257	1.936273327350248	12.94107946271643	2.0	105.05928072340484	45.70343402215642	13.639036881680928	4.107456	15.7799069920233	9.325598402676368	6.2562905876638695	7.333333333333333	53.659011409277745	52.52964036170242	6.35289355442443	6.35289355442443
177	2.0	107.31802281855549	62.39595570406788	10.712175263540257	1.936273327350248	12.94107946271643	2.0	105.05928072340484	45.70343402215642	13.639036881680928	4.107456	15.7799069920233	9.325598402676368	6.2562905876638695	7.375	53.659011409277745	52.52964036170242	6.317001500444631	6.317001500444631
178	2.0	107.31802281855549	62.39595570406788	10.712175263540257	1.936273327350248	12.94107946271643	2.0	105.05928072340484	45.70343402215642	13.639036881680928	4.107456	15.7799069920233	9.325598402676368	6.2562905876638695	7.416666666666667	53.659011409277745	52.52964036170242	6.281512727970222	6.281512727970222
179	2.0	107.31802281855549	62.39595570406788	10.712175263540257	1.936273327350248	12.94107946271643	2.0	105.05928072340484	45.70343402215642	13.639036881680928	4.107456	15.7799069920233	9.325598402676368	6.2562905876638695	7.458333333333333	53.659011409277745	52.52964036170242	6.246420478093294	6.246420478093294
180	2.0	107.31802281855549	62.39595570406788	10.712175263540257	12.39819867265112	13.658567811828185	2.0	105.05928072340484	45.70343402215642	13.639036881680928	7.9834594487312325	16.24191274715821	9.325598402676368	6.2562905876638695	7.5	53.659011409277745	52.52964036170242	6.556112549677529	6.556112549677529
181	2.0	107.31802281855549	62.39595570406788	10.712175263540257	12.39819867265112	13.658567811828185	2.0	105.05928072340484	45.70343402215642	13.639036881680928	7.9834594487312325	16.24191274715821	9.325598402676368	6.2562905876638695	7.541666666666667	53.659011409277745	52.52964036170242	6.519890933380968	6.519890933380968
182	2.0	107.31802281855549	62.39595570406788	10.712175263540257	12.39819867265112	13.658567811828185	2.0	105.05928072340484	45.70343402215642	13.639036881680928	7.9834594487312325	16.24191274715821	9.325598402676368	6.2562905876638695	7.583333333333333	53.659011409277745	52.52964036170242	6.48406735682393	6.48406735682393
183	2.0	107.31802281855549	62.39595570406788	10.712175263540257	12.39819867265112	13.658567811828185	2.0	105.05928072340484	45.70343402215642	13.639036881680928	7.9834594487312325	16.24191274715821	9.325598402676368	6.2562905876638695	7.625	53.659011409277745	52.52964036170242	6.448635294764783	6.448635294764783
184	2.0	107.31802281855549	62.39595570406788	10.712175263540257	12.39819867265112	13.658567811828185	2.0	105.05928072340484	45.70343402215642	13.639036881680928	7.9834594487312325	16.24191274715821	9.325598402676368	6.2562905876638695	7.666666666666667	53.659011409277745	52.52964036170242	6.4135883638149735	6.4135883638149735
185	2.0	107.31802281855549	62.39595570406788	10.712175263540257	3.061516943529792	13.835738931245418	2.0	105.05928072340484	45.70343402215642	13.639036881680928	7.9834594487312325	16.70391850229312	9.325598402676368	6.2562905876638695	7.708333333333333	53.659011409277745	52.52964036170242	6.461664019781645	6.461664019781645
186	2.0	107.31802281855549	62.39595570406788	10.712175263540257	3.061516943529792	13.835738931245418	2.0	105.05928072340484	45.70343402215642	13.639036881680928	7.9834594487312325	16.70391850229312	9.325598402676368	6.2562905876638695	7.75	53.659011409277745	52.52964036170242	6.426923890643033	6.426923890643033
187	2.0	107.31802281855549	62.39595570406788	10.712175263540257	3.061516943529792	13.835738931245418	2.0	105.05928072340484	45.70343402215642	13.639036881680928	7.9834594487312325	16.70391850229312	9.325598402676368	6.2562905876638695	7.791666666666667	53.659011409277745	52.52964036170242	6.392555313687723	6.392555313687723
188	2.0	107.31802281855549	62.39595570406788	10.712175263540257	3.061516943529792	13.835738931245418	2.0	105.05928072340484	45.70343402215642	13.639036881680928	7.9834594487312325	16.70391850229312	9.325598402676368	6.2562905876638695	7.833333333333333	53.659011409277745	52.52964036170242	6.358552359891512	6.358552359891512
189	2.0	107.31802281855549	62.39595570406788	10.712175263540257	3.061516943529792	13.835738931245418	2.0	105.05928072340484	45.70343402215642	13.639036881680928	7.9834594487312325	16.70391850229312	9.325598402676368	6.2562905876638695	7.875	53.659011409277745	52.52964036170242	6.324909225712191	6.324909225712191
190	2.0	107.31802281855549	62.39595570406788	10.712175263540257	2.738304	13.994205597912085	2.0	105.05928072340484	45.70343402215642	13.639036881680928	3.872546654700496	16.928024211477176	9.325598402676368	6.2562905876638695	7.916666666666667	53.659011409277745	52.52964036170242	6.363680861366338	6.363680861366338
191	2.0	107.31802281855549	62.39595570406788	10.712175263540257	2.738304	13.994205597912085	2.0	105.05928072340484	45.70343402215642	13.639036881680928	3.872546654700496	16.928024211477176	9.325598402676368	6.2562905876638695	7.958333333333333	53.659011409277745	52.52964036170242	6.330363160521489	6.330363160521489
192	2.0	107.31802281855549	62.39595570406788	10.712175263540257	2.738304	13.994205597912085	2.0	105.05928072340484	45.70343402215642	13.639036881680928	3.872546654700496	16.928024211477176	9.325598402676368	6.2562905876638695	8.0	53.659011409277745	52.52964036170242	6.2973925190604385	6.2973925190604385
193	2.0	107.31802281855549	62.39595570406788	10.712175263540257	2.738304	13.994205597912085	2.0	105.05928072340484	45.70343402215642	13.639036881680928	3.872546654700496	16.928024211477176	9.325598402676368	6.2562905876638695	8.041666666666666	53.659011409277745	52.52964036170242	6.264763542277743	6.264763542277743
194	2.0	107.31802281855549	62.39595570406788	10.712175263540257	2.738304	13.994205597912085	2.0	105.05928072340484	45.70343402215642	13.639036881680928	3.872546654700496	16.928024211477176	9.325598402676368	6.2562905876638695	8.083333333333334	53.659011409277745	52.52964036170242	6.2324709466989905	6.2324709466989905
195	2.0	107.31802281855549	62.39595570406788	10.712175263540257	2.738304	14.152672264578753	2.0	105.05928072340484	45.70343402215642	13.639036881680928	11.698039815908988	17.604994108231168	9.325598402676368	6.2562905876638695	8.125	53.659011409277745	52.52964036170242	6.270722480305663	6.270722480305663
196	2.0	107.31802281855549	62.39595570406788	10.712175263540257	2.738304	14.152672264578753	2.0	105.05928072340484	45.70343402215642	13.639036881680928	11.698039815908988	17.604994108231168	9.325598402676368	6.2562905876638695	8.166666666666666	53.659011409277745	52.52964036170242	6.238728998263287	6.238728998263287
197	2.0	107.31802281855549	62.39595570406788	10.712175263540257	2.738304	14.152672264578753	2.0	105.05928072340484	45.70343402215642	13.639036881680928	11.698039815908988	17.604994108231168	9.325598402676368	6.2562905876638695	8.208333333333334	53.659011409277745	52.52964036170242	6.207060323145199	6.207060323145199
198	2.0	107.31802281855549	62.39595570406788	10.712175263540257	2.738304	14.152672264578753	2.0	105.05928072340484	45.70343402215642	13.639036881680928	11.698039815908988	17.604994108231168	9.325598402676368	6.2562905876638695	8.25	53.659011409277745	52.52964036170242	6.175711533634365	6.175711533634365
199	2.0	107.31802281855549	62.39595570406788	10.712175263540257	2.738304	14.152672264578753	2.0	105.05928072340484	45.70343402215642	13.639036881680928	11.698039815908988	17.604994108231168	9.325598402676368	6.2562905876638695	8.291666666666666	53.659011409277745	52.52964036170242	6.144677807334695	6.144677807334695
200	2.0	107.31802281855549	62.39595570406788	10.712175263540257	15.307584717648963	15.03852786166492	2.0	105.05928072340484	45.70343402215642	13.639036881680928	15.610734636253348	18.50839310338472	9.325598402676368	6.2562905876638695	8.333333333333334	53.659011409277745	52.52964036170242	6.496644036239245	6.496644036239245
201	2.0	107.31802281855549	62.39595570406788	10.712175263540257	15.307584717648963	15.03852786166492	2.0	105.05928072340484	45.70343402215642	13.639036881680928	15.610734636253348	18.50839310338472	9.325598402676368	6.2562905876638695	8.375	53.659011409277745	52.52964036170242	6.464322424118652	6.464322424118652
202	2.0	107.31802281855549	62.39595570406788	10.712175263540257	15.307584717648963	15.03852786166492	2.0	105.05928072340484	45.70343402215642	13.639036881680928	15.610734636253348	18.50839310338472	9.325598402676368	6.2562905876638695	8.416666666666666	53.659011409277745	52.52964036170242	6.432320827959649	6.432320827959649
203	2.0	107.31802281855549	62.39595570406788	10.712175263540257	15.307584717648963	15.03852786166492	2.0	105.05928072340484	45.70343402215642	13.639036881680928	15.610734636253348	18.50839310338472	9.325598402676368	6.2562905876638695	8.458333333333334	53.659011409277745	52.52964036170242	6.40063451846231	6.40063451846231
204	2.0	107.31802281855549	62.39595570406788	10.712175263540257	15.307584717648963	15.03852786166492	2.0	105.05928072340484	45.70343402215642	13.639036881680928	15.610734636253348	18.50839310338472	9.325598402676368	6.2562905876638695	8.5	53.659011409277745	52.52964036170242	6.369258859058084	6.369258859058084
205	2.0	107.31802281855549	62.39595570406788	10.712175263540257	4.936547739904071	15.324207707724183	2.0	105.05928072340484	45.70343402215642	13.639036881680928	16.71263003439303	19.475559193338018	9.325598402676368	6.2562905876638695	8.541666666666666	53.659011409277745	52.52964036170242	6.458592907060339	6.458592907060339
206	2.0	107.31802281855549	62.39595570406788	10.712175263540257	4.936547739904071	15.324207707724183	2.0	105.05928072340484	45.70343402215642	13.639036881680928	16.71263003439303	19.475559193338018	9.325598402676368	6.2562905876638695	8.583333333333334	53.659011409277745	52.52964036170242	6.427240514307618	6.427240514307618
207	2.0	107.31802281855549	62.39595570406788	10.712175263540257	4.936547739904071	15.324207707724183	2.0	105.05928072340484	45.70343402215642	13.639036881680928	16.71263003439303	19.475559193338018	9.325598402676368	6.2562905876638695	8.625	53.659011409277745	52.52964036170242	6.396191043224007	6.396191043224007
208	2.0	107.31802281855549	62.39595570406788	10.712175263540257	4.936547739904071	15.324207707724183	2.0	105.05928072340484	45.70343402215642	13.639036881680928	16.71263003439303	19.475559193338018	9.325598402676368	6.2562905876638695	8.666666666666666	53.659011409277745	52.52964036170242	6.365440124746969	6.365440124746969
209	2.0	107.31802281855549	62.39595570406788	10.712175263540257	4.936547739904071	15.324207707724183	2.0	105.05928072340484	45.70343402215642	13.639036881680928	16.71263003439303	19.475559193338018	9.325598402676368	6.2562905876638695	8.708333333333334	53.659011409277745	52.52964036170242	6.334983473432389	6.334983473432389
210	2.0	107.31802281855549	62.39595570406788	10.712175263540257	14.432129276582858	15.825323307605531	2.0	105.05928072340484	45.70343402215642	13.639036881680928	13.69152	19.95095919333802	9.325598402676368	6.2562905876638695	8.75	53.659011409277745	52.52964036170242	6.510990160843419	6.510990160843419
211	2.0	107.31802281855549	62.39595570406788	10.712175263540257	14.432129276582858	15.825323307605531	2.0	105.05928072340484	45.70343402215642	13.639036881680928	13.69152	19.95095919333802	9.325598402676368	6.2562905876638695	8.791666666666666	53.659011409277745	52.52964036170242	6.480132387569279	6.480132387569279
212	2.0	107.31802281855549	62.39595570406788	10.712175263540257	14.432129276582858	15.825323307605531	2.0	105.05928072340484	45.70343402215642	13.639036881680928	13.69152	19.95095919333802	9.325598402676368	6.2562905876638695	8.833333333333334	53.659011409277745	52.52964036170242	6.449565725363763	6.449565725363763
213	2.0	107.31802281855549	62.39595570406788	10.712175263540257	14.432129276582858	15.825323307605531	2.0	105.05928072340484	45.70343402215642	13.639036881680928	13.69152	19.95095919333802	9.325598402676368	6.2562905876638695	8.875	53.659011409277745	52.52964036170242	6.4192860740709765	6.4192860740709765
